 [
  {
  "name": "销售日历",
  "option": 1001,
  "controller": "",
  "icon": [
           "service_menu_icon_calendar.png",
           "service_menu_icon_calendar_press.png"
           ]
  },
  {
  "name": "客户接待",
  "option": 1002,
  "controller": "",
  "icon": [
           "service_menu_item_client.png",
           "service_menu_item_client_press.png"
           ]
  },
  {
  "name": "销售机会",
  "option": 1003,
  "controller": "",
  "icon": [
           "service_menu_item_saleslead.png",
           "service_menu_item_saleslead_press.png"
           ]
  },
  {
  "name": "试乘试驾",
  "option": 1004,
  "controller": "",
  "icon": [
           "service_menu_item_testdrive.png",
           "service_menu_item_testdriver_press.png"
           ]
  },
  {
  "name": "跟踪计划",
  "option": 1005,
  "controller": "",
  "icon": [
           "service_menu_item_plan.png",
           "service_menu_item_plan_press.png"
           ]
  },
  {
  "name": "培训管理",
  "option": 1006,
  "controller": "",
  "icon": [
           "service_menu_icon_training.png",
           "service_menu_icon_training_press.png"
           ]
  },
  {
  "name": "车辆资源",
  "option": 1007,
  "controller": "",
  "icon": [
           "service_menu_icon_carreourve.png",
           "service_menu_icon_carreourve_press.png"
           ]
  },
  {
  "name": "我的客户",
  "option": 1008,
  "controller": "",
  "icon": [
           "service_menu_icon_customer.png",
           "service_menu_icon_customer_press.png"
           ]
  },
  {
  "name": "录音管理",
  "option": 1009,
  "controller": "",
  "icon": [
           "service_menu_icon_voicemanager.png",
           "service_menu_icon_voicemanager_press.png"
           ]
  },
  {
  "name": "订单",
  "option": 1010,
  "controller": "",
  "icon": [
           "service_menu_item_order.png",
           "service_menu_item_order_press.png"
           ]
  },
  {
  "name": "试驾预留",
  "option": 1012,
  "controller": "",
  "icon": [
           "service_menu_item_yuliu.png",
           "service_menu_item_yuliu_press.png"
           ]
  },
  {
  "name": "ADC",
  "option": 1011,
  "controller": "",
  "icon": [
           "service_menu_item_adc.png",
           "service_menu_item_adc_press.png"
           ]
  }
]

