{
  "images" : [
    {
      "idiom" : "ipad",
      "size" : "20x20",
      "scale" : "1x"
    },
    {
      "idiom" : "ipad",
      "size" : "20x20",
      "scale" : "2x"
    },
    {
      "size" : "29x29",
      "idiom" : "ipad",
      "filename" : "Icon-Small.png",
      "scale" : "1x"
    },
    {
      "size" : "29x29",
      "idiom" : "ipad",
      "filename" : "Icon-Small@2x.png",
      "scale" : "2x"
    },
    {
      "size" : "40x40",
      "idiom" : "ipad",
      "filename" : "Icon-Spotlight-40.png",
      "scale" : "1x"
    },
    {
      "size" : "40x40",
      "idiom" : "ipad",
      "filename" : "Icon-Spotlight-40@2x.png",
      "scale" : "2x"
    },
    {
      "size" : "76x76",
      "idiom" : "ipad",
      "filename" : "Icon-76.png",
      "scale" : "1x"
    },
    {
      "size" : "76x76",
      "idiom" : "ipad",
      "filename" : "Icon-76@2x.png",
      "scale" : "2x"
    },
    {
      "size" : "83.5x83.5",
      "idiom" : "ipad",
      "filename" : "Icon-iPadPro@2x.png",
      "scale" : "2x"
    },
    {
      "idiom" : "ios-marketing",
      "size" : "1024x1024",
      "scale" : "1x"
    }
  ],
  "info" : {
    "version" : 1,
    "author" : "xcode"
  }
}