{
  "result" : [
    {
      "bOrder" : 1,
      "brandId" : "B5670FA3-031F-4238-B053-A9270C696E49",
      "visible" : 2,
      "describe" : null,
      "deleteFlag" : 0,
      "competition" : 0,
      "name" : "奥迪A1"
    },
    {
      "bOrder" : 2,
      "brandId" : "BF3F4028-39C9-4590-B582-7F3B031D1B4D",
      "visible" : 2,
      "describe" : null,
      "deleteFlag" : 0,
      "competition" : 0,
      "name" : "奥迪A3"
    },
    {
      "bOrder" : 3,
      "brandId" : "80C200D0-8714-4D16-A7B8-12262B2079B2",
      "visible" : 2,
      "describe" : null,
      "deleteFlag" : 0,
      "competition" : 0,
      "name" : "奥迪A4L"
    },
    {
      "bOrder" : 4,
      "brandId" : "FD935FCE-7E81-4D68-8A7B-D5CBD049ACF5",
      "visible" : 2,
      "describe" : null,
      "deleteFlag" : 0,
      "competition" : 0,
      "name" : "奥迪A5"
    },
    {
      "bOrder" : 5,
      "brandId" : "DA298A55-2441-4590-BCB2-1EC17CDF9E99",
      "visible" : 2,
      "describe" : null,
      "deleteFlag" : 0,
      "competition" : 0,
      "name" : "奥迪A6L"
    },
    {
      "bOrder" : 6,
      "brandId" : "142F9BB4-DA23-4850-A752-41EFC222F8EE",
      "visible" : 2,
      "describe" : null,
      "deleteFlag" : 0,
      "competition" : 0,
      "name" : "奥迪A7"
    },
    {
      "bOrder" : 7,
      "brandId" : "4DC37A97-6C93-4AE2-A380-F14E2236785E",
      "visible" : 2,
      "describe" : null,
      "deleteFlag" : 0,
      "competition" : 0,
      "name" : "奥迪A8L"
    },
    {
      "bOrder" : 8,
      "brandId" : "F3EF5AB0-B6AC-4180-B417-2DD0419CB8BB",
      "visible" : 2,
      "describe" : null,
      "deleteFlag" : 0,
      "competition" : 0,
      "name" : "奥迪Q3"
    },
    {
      "bOrder" : 9,
      "brandId" : "76F774AC-E2B2-41E3-8351-B42F269032E1",
      "visible" : 2,
      "describe" : null,
      "deleteFlag" : 0,
      "competition" : 0,
      "name" : "奥迪Q5"
    },
    {
      "bOrder" : 10,
      "brandId" : "DBEAC975-4D64-445C-89A4-BCA8C4138564",
      "visible" : 2,
      "describe" : null,
      "deleteFlag" : 0,
      "competition" : 0,
      "name" : "奥迪Q7"
    },
    {
      "bOrder" : 11,
      "brandId" : "97D5E263-2C13-4C65-A2A8-97D85D31C53F",
      "visible" : 2,
      "describe" : null,
      "deleteFlag" : 0,
      "competition" : 0,
      "name" : "奥迪TT"
    },
      {
      "bOrder" : 12,
      "brandId" : "d304f359-4fa2-4ffb-9cdc-45d8efb38659",
      "visible" : 2,
      "describe" : null,
      "deleteFlag" : 0,
      "competition" : 0,
      "name" : "奥迪S4"
    },
    {
        "bOrder" : 14,
        "brandId" : "E5D2ED3C-CC00-459C-A5FF-0E475633E35A",
        "visible" : 2,
        "describe" : null,
        "deleteFlag" : 0,
        "competition" : 0,
        "name" : "奥迪Q2"
    }
  ],
  "variable_key" : {
    "1" : "1"
  },
  "option_key" : null
}
