 [
  {
  "name": "概览",
  "option": 1001,
  "controller": "ClientSurveyViewController",
  "icon": [
           "client_menu_item_survery.png",
           "client_menu_item_survery_press.png"
           ]
  },
  {
  "name": "销售机会",
  "option": 1003,
  "controller": "",
  "icon": [
           "client_menu_item_saleslead.png",
           "client_menu_item_saleslead_press.png"
           ]
  },
  {
  "name": "试乘试驾",
  "option": 1004,
  "controller": "TrackingPlanViewController",
  "icon": [
           "client_menu_item_testdrive.png",
           "client_menu_item_testdriver_press.png"
           ]
  },{
  "name": "跟踪计划",
  "option": 1005,
  "controller": "TrackingPlanViewController",
  "icon": [
           "client_menu_item_plan.png",
           "client_menu_item_plan_press.png"
           ]
  },
  
  {
  "name": "订单详情",
  "option": 1006,
  "controller": "",
  "icon": [
           "client_menu_item_order.png",
           "client_menu_item_order_press.png"
           ]
  },
  {
  "name": "文档图片",
  "option": 1007,
  "controller": "",
  "icon": [
           "client_menu_item_picture.png",
           "client_menu_item_picture_press.png"
           ]
  }
]